ID;FirstName;LastName;Email;Gender
1;Major;Blunsen;mblunsen0@zdnet.com;M
2;Bord;Vanichkov;bvanichkov1@craigslist.org;M
3;Evangeline;Brigginshaw;ebrigginshaw2@marriott.com;F
4;Nelle;Eatock;neatock3@altervista.org;F
5;Alistair;Brushneen;abrushneen4@yelp.com;M
6;Wally;Scrowby;wscrowby5@facebook.com;F
7;Shadow;Aimable;saimable6@goo.ne.jp;M
8;Bamby;Neggrini;bneggrini7@jiathis.com;F
9;Christie;Moye;cmoye8@spotify.com;M
10;Blinnie;Arstingall;barstingall9@msn.com;F
11;Juliann;Lukesch;jlukescha@eepurl.com;F
12;Betsey;Birwhistle;bbirwhistleb@over-blog.com;F
13;Hans;Regorz;hregorzc@amazon.co.uk;M
14;Bartholemy;Serfati;bserfatid@arizona.edu;M
15;Jase;Osorio;josorioe@mit.edu;M
16;Kaja;Limer;klimerf@constantcontact.com;F
17;Correna;McMurty;cmcmurtyg@ycombinator.com;F
18;Demetre;Graeser;dgraeserh@omniture.com;M
19;Avictor;Cowmeadow;acowmeadowi@hhs.gov;M
20;Catlee;Bradbeer;cbradbeerj@sciencedirect.com;F
21;Mauricio;Heffernon;mheffernonk@census.gov;M
22;Jenn;Menlove;jmenlovel@nationalgeographic.com;F
23;Chip;Cholwell;ccholwellm@cloudflare.com;M
24;Patsy;Milson;pmilsonn@weebly.com;F
25;Shay;Rushmere;srushmereo@marriott.com;F
26;Hercules;Slamaker;hslamakerp@hugedomains.com;M
27;Graeme;Jeske;gjeskeq@tripadvisor.com;M
28;Anna-diana;Vicent;avicentr@clickbank.net;F
29;Ailis;Luisetti;aluisettis@marriott.com;F
30;Tonnie;Di Bartolomeo;tdibartolomeot@wikipedia.org;M
31;Clarence;Irvin;cirvinu@nhs.uk;M
32;Thia;Chapling;tchaplingv@pen.io;F
33;Mehetabel;Biscomb;mbiscombw@bandcamp.com;F
34;Derby;Hickisson;dhickissonx@surveymonkey.com;M
35;Ruben;Crittal;rcrittaly@networkadvertising.org;M
36;Rodrique;Clampe;rclampez@blogs.com;M
37;Arnoldo;Cromley;acromley10@theatlantic.com;M
38;Adriano;Godart;agodart11@acquirethisname.com;M
39;Kath;Myott;kmyott12@dell.com;F
40;Baird;Stallworthy;bstallworthy13@ox.ac.uk;M
41;Charlie;Marusyak;cmarusyak14@pinterest.com;M
42;Quinn;Antonik;qantonik15@sfgate.com;M
43;Ashli;Tolmie;atolmie16@godaddy.com;F
44;Ashby;Stonhewer;astonhewer17@blog.com;M
45;Frederique;Savery;fsavery18@behance.net;F
46;Mattias;Skipper;mskipper19@wikia.com;M
47;Manolo;Mourge;mmourge1a@amazonaws.com;M
48;Whittaker;Raffeorty;wraffeorty1b@jalbum.net;M
49;Jennie;Poulett;jpoulett1c@fda.gov;F
50;Daffi;Burrells;dburrells1d@google.ca;F
51;Lorri;Gumly;lgumly1e@salon.com;F
52;Kerwinn;Fawley;kfawley1f@wikipedia.org;M
53;Charin;Kipping;ckipping1g@phpbb.com;F
54;Langston;Filipczak;lfilipczak1h@imgur.com;M
55;Shamus;Domerq;sdomerq1i@com.com;M
56;Sky;Malter;smalter1j@mac.com;M
57;Ambros;Ferruzzi;aferruzzi1k@fda.gov;M
58;Elvyn;Shieber;eshieber1l@phpbb.com;M
59;Kelila;Yarnley;kyarnley1m@rambler.ru;F
60;Pail;Keese;pkeese1n@blogs.com;M
61;Briggs;Comino;bcomino1o@dion.ne.jp;M
62;Man;Pole;mpole1p@amazon.com;M
63;Hunfredo;Joynes;hjoynes1q@google.com.hk;M
64;Lyda;Neaverson;lneaverson1r@gizmodo.com;F
65;Tye;Hazle;thazle1s@reuters.com;M
66;Valentia;Dorran;vdorran1t@craigslist.org;F
67;Vick;Ryce;vryce1u@bbb.org;M
68;Lucho;Josebury;ljosebury1v@weibo.com;M
69;Marcellus;Kleeman;mkleeman1w@imageshack.us;M
70;Anselma;Beeson;abeeson1x@weather.com;F
71;Rosa;Reedick;rreedick1y@sogou.com;F
72;Ina;Hodgin;ihodgin1z@opera.com;F
73;Barrie;Judkins;bjudkins20@plala.or.jp;M
74;Deane;Segebrecht;dsegebrecht21@google.ca;F
75;Timmie;Winning;twinning22@skyrock.com;F
76;Ricki;Pavlik;rpavlik23@vimeo.com;F
77;Jessee;Terzo;jterzo24@whitehouse.gov;M
78;Laurella;Crewdson;lcrewdson25@aboutads.info;F
79;Devy;Chippin;dchippin26@geocities.jp;M
80;Hank;Bouller;hbouller27@unicef.org;M
81;Eleen;Huffy;ehuffy28@unc.edu;F
82;Alvy;Brookhouse;abrookhouse29@aol.com;M
83;Slade;Badwick;sbadwick2a@blinklist.com;M
84;Nikolia;Minster;nminster2b@wordpress.com;F
85;Noreen;Bramford;nbramford2c@ed.gov;F
86;Ernesto;Hacker;ehacker2d@netvibes.com;M
87;Sasha;Rosiello;srosiello2e@theguardian.com;F
88;Edvard;Wimlet;ewimlet2f@hud.gov;M
89;Gloriana;Glenny;gglenny2g@people.com.cn;F
90;Roger;Pitkethly;rpitkethly2h@weebly.com;M
91;Mata;Haughey;mhaughey2i@economist.com;M
92;Isaiah;Cinavas;icinavas2j@posterous.com;M
93;Leelah;Tryme;ltryme2k@1688.com;F
94;Hersh;MacCumeskey;hmaccumeskey2l@blog.com;M
95;Allin;Beecker;abeecker2m@pagesperso-orange.fr;M
96;Helen-elizabeth;Brewster;hbrewster2n@thetimes.co.uk;F
97;Keane;Warstall;kwarstall2o@forbes.com;M
98;Kym;Batting;kbatting2p@angelfire.com;F
99;Chiquia;Fussie;cfussie2q@liveinternet.ru;F
100;Margalit;Roglieri;mroglieri2r@house.gov;F
101;Manfred;Woodlands;mwoodlands2s@scientificamerican.com;M
102;Baxie;Cubberley;bcubberley2t@aboutads.info;M
103;Neall;Lumsdale;nlumsdale2u@ow.ly;M
104;Issiah;Branchett;ibranchett2v@lycos.com;M
105;Kelbee;Glazier;kglazier2w@huffingtonpost.com;M
106;Tucker;Jillings;tjillings2x@cafepress.com;M
107;Domini;Drewett;ddrewett2y@nature.com;F
108;Sara;Conaboy;sconaboy2z@quantcast.com;F
109;Ginni;John;gjohn30@wikimedia.org;F
110;Fred;Grigori;fgrigori31@rakuten.co.jp;M
111;Sybila;Ballintime;sballintime32@salon.com;F
112;Fransisco;Jeannequin;fjeannequin33@friendfeed.com;M
113;Moritz;Goodson;mgoodson34@ca.gov;M
114;Griselda;Lambert;glambert35@cloudflare.com;F
115;Kyle;Cremen;kcremen36@kickstarter.com;F
116;Carlen;Ambroziak;cambroziak37@discuz.net;F
117;Bobbie;Rusk;brusk38@goodreads.com;F
118;Sybilla;Lea;slea39@lycos.com;F
119;Thane;Michiel;tmichiel3a@etsy.com;M
120;Patrizio;Tixier;ptixier3b@nydailynews.com;M
121;Inness;Hacquoil;ihacquoil3c@shinystat.com;M
122;Barbabas;Bachelar;bbachelar3d@blog.com;M
123;Valera;Jewel;vjewel3e@cnet.com;F
124;Sofia;Strethill;sstrethill3f@infoseek.co.jp;F
125;Bobbee;Forster;bforster3g@zimbio.com;F
126;Vito;Locks;vlocks3h@vkontakte.ru;M
127;Almeta;Harlick;aharlick3i@oracle.com;F
128;Almeda;Treker;atreker3j@discuz.net;F
129;Mil;Babe;mbabe3k@amazon.co.uk;F
130;Sileas;Dargavel;sdargavel3l@ft.com;F
131;Harrison;Witard;hwitard3m@hc360.com;M
132;Nickie;Rykert;nrykert3n@jimdo.com;F
133;Lorine;Padmore;lpadmore3o@senate.gov;F
134;Clyde;Coulton;ccoulton3p@forbes.com;M
135;Haslett;Cosby;hcosby3q@home.pl;M
136;Arnold;Gergher;agergher3r@yellowpages.com;M
137;Malia;McIlroy;mmcilroy3s@mozilla.org;F
138;Antonin;Ellcock;aellcock3t@shareasale.com;M
139;Lynea;Pilfold;lpilfold3u@reddit.com;F
140;Byrom;Steenson;bsteenson3v@github.io;M
141;Leanna;Ferrie;lferrie3w@columbia.edu;F
142;Bambi;Cahill;bcahill3x@booking.com;F
143;Teddi;Ankrett;tankrett3y@cdc.gov;F
144;Boone;Streeter;bstreeter3z@si.edu;M
145;Shirlene;Fischer;sfischer40@ow.ly;F
146;Casar;Crauford;ccrauford41@scribd.com;M
147;Corabella;Dowdeswell;cdowdeswell42@wikipedia.org;F
148;Karlens;Stark;kstark43@prlog.org;M
149;Zsazsa;Jacklin;zjacklin44@linkedin.com;F
150;Kiele;Swaine;kswaine45@marriott.com;F
151;Edy;Offell;eoffell46@posterous.com;F
152;Janela;Stigell;jstigell47@theglobeandmail.com;F
153;Faydra;Hannam;fhannam48@fastcompany.com;F
154;Breena;Durgan;bdurgan49@mysql.com;F
155;Ingamar;Dimitriades;idimitriades4a@xrea.com;M
156;Harwell;Lambeth;hlambeth4b@hubpages.com;M
157;Linnea;Scarsbrook;lscarsbrook4c@kickstarter.com;F
158;Jereme;Rhodes;jrhodes4d@mediafire.com;M
159;Craggy;Machans;cmachans4e@dagondesign.com;M
160;Paul;Croome;pcroome4f@scientificamerican.com;M
161;Rose;Gypps;rgypps4g@weebly.com;F
162;Ronnica;Le Count;rlecount4h@elegantthemes.com;F
163;Verine;Nicholes;vnicholes4i@tumblr.com;F
164;Charita;Hinstock;chinstock4j@nytimes.com;F
165;Lurette;Sakins;lsakins4k@symantec.com;F
166;Bartram;Brideoke;bbrideoke4l@washington.edu;M
167;Annmarie;Eldered;aeldered4m@marriott.com;F
168;Berte;Raddon;braddon4n@infoseek.co.jp;F
169;Ros;Hartfield;rhartfield4o@businessinsider.com;F
170;Annadiane;Stot;astot4p@hostgator.com;F
171;Sasha;Dibson;sdibson4q@yale.edu;F
172;Melody;Bragg;mbragg4r@ox.ac.uk;F
173;Emelyne;Mauser;emauser4s@vkontakte.ru;F
174;Sarette;Garroway;sgarroway4t@msu.edu;F
175;Jose;Tremolieres;jtremolieres4u@state.tx.us;M
176;Samaria;Rubbens;srubbens4v@eepurl.com;F
177;Gerta;Whatman;gwhatman4w@usa.gov;F
178;Kaila;Crighton;kcrighton4x@geocities.jp;F
179;Saxon;Harce;sharce4y@ebay.co.uk;M
180;Rudy;Miebes;rmiebes4z@homestead.com;M
181;Kipper;Babbe;kbabbe50@chicagotribune.com;M
182;Kirsti;Readmire;kreadmire51@nydailynews.com;F
183;Drusy;Allwright;dallwright52@hatena.ne.jp;F
184;Nathanael;Howat;nhowat53@chron.com;M
185;Salim;Birchenhead;sbirchenhead54@google.co.uk;M
186;Penelopa;Bernardelli;pbernardelli55@yellowpages.com;F
187;Liuka;Littley;llittley56@biglobe.ne.jp;F
188;Lay;Blakden;lblakden57@paginegialle.it;M
189;Luce;Heinke;lheinke58@princeton.edu;F
190;Gardie;Geertsen;ggeertsen59@sitemeter.com;M
191;Sharity;Rankmore;srankmore5a@bloomberg.com;F
192;Dionisio;Ducker;dducker5b@uol.com.br;M
193;Vonni;Crombleholme;vcrombleholme5c@t-online.de;F
194;Evelyn;McCutcheon;emccutcheon5d@google.fr;F
195;Garfield;Tumelty;gtumelty5e@unc.edu;M
196;Urbano;Monget;umonget5f@zdnet.com;M
197;Harry;Harsnipe;hharsnipe5g@businessweek.com;M
198;Tamra;Normanell;tnormanell5h@springer.com;F
199;Biron;Eburne;beburne5i@pen.io;M
200;Peggi;Bulley;pbulley5j@google.ca;F
201;Murry;Meigh;mmeigh5k@harvard.edu;M
202;Mackenzie;McCracken;mmccracken5l@blinklist.com;M
203;Nedda;Bunyard;nbunyard5m@springer.com;F
204;Brena;Kuzma;bkuzma5n@businessweek.com;F
205;Ella;Petrillo;epetrillo5o@reuters.com;F
206;Shir;Balnaves;sbalnaves5p@mapy.cz;F
207;Lucais;Widdall;lwiddall5q@yale.edu;M
208;Evan;O'Loughnan;eoloughnan5r@unicef.org;M
209;Abbey;Casassa;acasassa5s@plala.or.jp;M
210;Lucita;Reolfi;lreolfi5t@imgur.com;F
211;Boniface;Letham;bletham5u@hud.gov;M
212;Catha;Blakeley;cblakeley5v@wsj.com;F
213;Louie;Cornelissen;lcornelissen5w@seesaa.net;M
214;Lindy;Burnip;lburnip5x@51.la;M
215;Dicky;Weedenburg;dweedenburg5y@macromedia.com;M
216;Jonathan;Coton;jcoton5z@google.nl;M
217;Valery;Tonge;vtonge60@gnu.org;F
218;Rodina;Pallasch;rpallasch61@intel.com;F
219;Jobey;CartM;jcartM62@yale.edu;F
220;Gonzalo;Rodell;grodell63@merriam-webster.com;M
221;Rozanna;McKennan;rmckennan64@lulu.com;F
222;Jobyna;Giacubo;jgiacubo65@angelfire.com;F
223;Barde;Ollerenshaw;bollerenshaw66@wikia.com;M
224;Donovan;Goldstone;dgoldstone67@epa.gov;M
225;Field;Riddall;friddall68@skyrock.com;M
226;Roobbie;Jonuzi;rjonuzi69@nba.com;F
227;Fielding;Tumielli;ftumielli6a@usda.gov;M
228;Mathian;Yeudall;myeudall6b@google.com.br;M
229;Roxi;Humphris;rhumphris6c@chronoengine.com;F
230;Freddy;Gauvin;fgauvin6d@webs.com;M
231;Jon;Spittal;jspittal6e@discuz.net;M
232;Staci;Le Leu;sleleu6f@umich.edu;F
233;Mattie;Edison;medison6g@mail.ru;M
234;Dania;Tart;dtart6h@tripadvisor.com;F
235;Charleen;Grzelczak;cgrzelczak6i@gmpg.org;F
236;Merrile;Hadfield;mhadfield6j@nasa.gov;F
237;Chadd;Bruyns;cbruyns6k@alibaba.com;M
238;Fin;Drayson;fdrayson6l@samsung.com;M
239;Kerwinn;Poltone;kpoltone6m@acquirethisname.com;M
240;Nelli;Kings;nkings6n@1688.com;F
241;Wye;Van Rembrandt;wvanrembrandt6o@princeton.edu;M
242;Karoline;Naerup;knaerup6p@samsung.com;F
243;Mayne;Mc Dermid;mmcdermid6q@ca.gov;M
244;Had;Rosenfelt;hrosenfelt6r@t-online.de;M
245;Cary;Domegan;cdomegan6s@nih.gov;F
246;Amalie;Atcock;aatcock6t@eepurl.com;F
247;Loree;Lansly;llansly6u@dedecms.com;F
248;Estrella;Youles;eyoules6v@princeton.edu;F
249;Brody;McTeague;bmcteague6w@jiathis.com;M
250;Caryl;Citrine;ccitrine6x@examiner.com;F
251;Damien;Hoopper;dhoopper6y@twitpic.com;M
252;Caitlin;Kaming;ckaming6z@yelp.com;F
253;Gaby;Jahnig;gjahnig70@edublogs.org;F
254;Gabbie;Mounce;gmounce71@netscape.com;M
255;Berte;Gaiter;bgaiter72@flickr.com;F
256;Kamila;Mixon;kmixon73@clickbank.net;F
257;Titus;Ell;tell74@disqus.com;M
258;Terese;Kauffman;tkauffman75@google.co.jp;F
259;Allie;Kezourec;akezourec76@ifeng.com;F
260;Reube;Meneyer;rmeneyer77@gmpg.org;F
261;Winnie;Remirez;wremirez78@myspace.com;M
262;Steffie;Aldwick;saldwick79@squidoo.com;F
263;Marguerite;Skatcher;mskatcher7a@soundcloud.com;F
264;Berkley;Trowle;btrowle7b@artisteer.com;M
265;Chrissie;Kingaby;ckingaby7c@pbs.org;M
266;Elnar;McAuslan;emcauslan7d@imageshack.us;F
267;Rosabella;Chisnall;rchisnall7e@etsy.com;F
268;Dodi;Ivanyushkin;divanyushkin7f@elegantthemes.com;F
269;Joline;Tuminelli;jtuminelli7g@youtube.com;F
270;Harley;Abramamov;habramamov7h@cbc.ca;M
271;Lek;Bellward;lbellward7i@rediff.com;M
272;Mechelle;Irvine;mirvine7j@skype.com;F
273;Berrie;Wait;bwait7k@google.ca;F
274;Clarisse;McAviy;cmcaviy7l@typepad.com;F
275;Ash;Fowells;afowells7m@people.com.cn;M
276;Elizabeth;Hucknall;ehucknall7n@sina.com.cn;F
277;Hasty;Trevethan;htrevethan7o@utexas.edu;M
278;Lyndsey;Collison;lcollison7p@opera.com;F
279;Catie;Ferrao;cferrao7q@abc.net.au;F
280;Joelle;Mohring;jmohring7r@oaic.gov.au;F
281;Alwin;Staresmeare;astaresmeare7s@trellian.com;M
282;Wenonah;Mullane;wmullane7t@blogger.com;F
283;Kamillah;McGuffog;kmcguffog7u@newsvine.com;F
284;Yvor;Rosie;yrosie7v@wikispaces.com;M
285;Saunder;Fawdrie;sfawdrie7w@google.com.au;M
286;Em;Naismith;enaismith7x@marketwatch.com;F
287;Tiphanie;Palek;tpalek7y@goodreads.com;F
288;Marley;Lygoe;mlygoe7z@weebly.com;F
289;Ruth;MacNeilage;rmacneilage80@drupal.org;F
290;August;MacSween;amacsween81@indiegogo.com;M
291;Ardelia;Hatterslay;ahatterslay82@comcast.net;F
292;Guthrey;Chander;gchander83@mtv.com;M
293;Herta;Lovstrom;hlovstrom84@microsoft.com;F
294;Theo;Carnegy;tcarnegy85@deliciousdays.com;M
295;Reynolds;Moehler;rmoehler86@ftc.gov;M
296;Lloyd;Grigorushkin;lgrigorushkin87@nytimes.com;M
297;Eric;Sexten;esexten88@about.me;M
298;Ara;Shortall;ashortall89@myspace.com;M
299;Michael;Andrioni;mandrioni8a@usgs.gov;M
300;Dagmar;Meece;dmeece8b@businessinsider.com;F
301;Dorita;Froom;dfroom8c@google.com.hk;F
302;Nicki;Grioli;ngrioli8d@constantcontact.com;F
303;Lothaire;Gillise;lgillise8e@lycos.com;M
304;Emmalynn;Lasseter;elasseter8f@oaic.gov.au;F
305;Ward;Levington;wlevington8g@weather.com;M
306;Ingelbert;Tansey;itansey8h@zdnet.com;M
307;Cross;Blagdon;cblagdon8i@theglobeandmail.com;M
308;Cly;Heathcott;cheathcott8j@cam.ac.uk;M
309;Car;Casper;ccasper8k@bbb.org;M
310;Lorelle;Hillitt;lhillitt8l@home.pl;F
311;Johan;Englishby;jenglishby8m@narod.ru;M
312;Alfie;Pellett;apellett8n@stanford.edu;M
313;Wood;Soggee;wsoggee8o@buzzfeed.com;M
314;Gideon;Mattioli;gmattioli8p@behance.net;M
315;Stephani;Wakerley;swakerley8q@com.com;F
316;Nydia;Ipsly;nipsly8r@wsj.com;F
317;Grannie;Gerrie;ggerrie8s@about.com;M
318;Emlen;Jefferd;ejefferd8t@bravesites.com;M
319;Tally;Jado;tjado8u@columbia.edu;F
320;Barbey;Tapp;btapp8v@dell.com;F
321;Francesco;Tuckley;ftuckley8w@narod.ru;M
322;North;Stirtle;nstirtle8x@imdb.com;M
323;Dael;Lobe;dlobe8y@jimdo.com;M
324;Kyla;Linner;klinner8z@vinaora.com;F
325;Marta;Hefner;mhefner90@livejournal.com;F
326;Carce;Pafford;cpafford91@umn.edu;M
327;Chicky;Valde;cvalde92@stumbleupon.com;M
328;Floyd;Keller;fkeller93@vinaora.com;M
329;Ludovico;Carrett;lcarrett94@xinhuanet.com;M
330;Kliment;Prinne;kprinne95@google.es;M
331;Rosetta;Marcinkus;rmarcinkus96@usda.gov;F
332;Adrianne;Rame;arame97@ed.gov;F
333;Robb;Aery;raery98@indiegogo.com;M
334;Bertie;Bibb;bbibb99@ustream.tv;M
335;Sephira;O'Codihie;socodihie9a@paypal.com;F
336;Gannon;Pudsey;gpudsey9b@craigslist.org;M
337;Laural;Kilalea;lkilalea9c@bing.com;F
338;Rance;Zelake;rzelake9d@examiner.com;M
339;Muffin;Jirus;mjirus9e@mashable.com;M
340;Suzanne;Tryme;stryme9f@seattletimes.com;F
341;Bondon;Collison;bcollison9g@hc360.com;M
342;Sasha;Hancill;shancill9h@yolasite.com;F
343;Linda;Critten;lcritten9i@youtu.be;F
344;Melly;Spandley;mspandley9j@constantcontact.com;F
345;Eberhard;Furlonge;efurlonge9k@intel.com;M
346;Glad;Stringer;gstringer9l@sourceforge.net;M
347;Devon;Luckman;dluckman9m@last.fm;F
348;Katee;Bendtsen;kbendtsen9n@reddit.com;F
349;Gene;Hayer;ghayer9o@mozilla.org;M
350;Francklyn;Hunnaball;fhunnaball9p@nymag.com;M
351;Kassi;Tuhy;ktuhy9q@comsenz.com;F
352;Licha;Ovise;lovise9r@wix.com;F
353;Mariann;Claiton;mclaiton9s@weibo.com;F
354;Candi;Basset;cbasset9t@soup.io;F
355;Millisent;Perez;mperez9u@devhub.com;F
356;Bord;Gerty;bgerty9v@amazon.co.jp;M
357;Dennis;Slimmon;dslimmon9w@umich.edu;M
358;Fay;Gratland;fgratland9x@mozilla.org;F
359;Joe;Stiller;jstiller9y@163.com;M
360;Dorelia;Calafato;dcalafato9z@blogspot.com;F
361;Loutitia;Hinckesman;lhinckesmana0@hud.gov;F
362;Leoine;Ramm;lramma1@studiopress.com;F
363;Nonna;Gouth;ngoutha2@csmonitor.com;F
364;Kelly;Bartalin;kbartalina3@constantcontact.com;F
365;Arlana;Stairmand;astairmanda4@fotki.com;F
366;Lyn;Pelling;lpellinga5@twitter.com;F
367;Rosemarie;Bugbee;rbugbeea6@cnet.com;F
368;Bay;Gosford;bgosforda7@dell.com;M
369;Wilmette;Mc Caughen;wmccaughena8@acquirethisname.com;F
370;Evvie;Peers;epeersa9@sohu.com;F
371;Merry;Duchenne;mduchenneaa@businesswire.com;M
372;Agatha;Crottagh;acrottaghab@Fa.gov;F
373;Kaye;Hedon;khedonac@wordpress.org;F
374;Lisa;Cowlin;lcowlinad@yolasite.com;F
375;Karissa;Vannah;kvannahae@bloglovin.com;F
376;Lowell;Smiley;lsmileyaf@nature.com;M
377;Chadd;de Leon;cdeleonag@pen.io;M
378;Galvin;Garratt;ggarrattah@howstuffworks.com;M
379;Heidi;Terrans;hterransai@tuttocitta.it;F
380;Othella;Drinkall;odrinkallaj@comcast.net;F
381;Giorgia;Phillins;gphillinsak@blinklist.com;F
382;Alina;Ripping;arippingal@stanford.edu;F
383;Nevsa;Lemasney;nlemasneyam@state.gov;F
384;Roxi;Brigge;rbriggean@java.com;F
385;Ashleigh;Ducrow;aducrowao@yahoo.co.jp;F
386;Bryant;Tuke;btukeap@cnet.com;M
387;Gorden;Ansley;gansleyaq@usgs.gov;M
388;Margareta;Derks;mderksar@fastcompany.com;F
389;Jerry;Bertlin;jbertlinas@freewebs.com;M
390;Rania;Flea;rfleaat@si.edu;F
391;Kandy;Meikle;kmeikleau@desdev.cn;F
392;Morly;Fyers;mfyersav@kickstarter.com;M
393;Mada;Dameisele;mdameiseleaw@ted.com;F
394;Essa;Ochterlony;eochterlonyax@phoca.cz;F
395;Nedi;Bowgen;nbowgenay@hexun.com;F
396;Lolly;Skeete;lskeeteaz@freewebs.com;F
397;Ced;Deverock;cdeverockb0@tmall.com;M
398;Bax;Gladwell;bgladwellb1@thetimes.co.uk;M
399;Regina;Hinkensen;rhinkensenb2@people.com.cn;F
400;Hagan;Hoggetts;hhoggettsb3@seesaa.net;M
401;Viviene;Stut;vstutb4@pcworld.com;F
402;Jemie;Pollitt;jpollittb5@exblog.jp;F
403;Angelico;Pfeuffer;apfeufferb6@jigsy.com;M
404;Neely;Mum;nmumb7@sohu.com;F
405;Ora;Debow;odebowb8@umn.edu;F
406;Bert;Blackeby;bblackebyb9@sohu.com;M
407;Arne;Birtwistle;abirtwistleba@whitehouse.gov;M
408;Skell;Fawson;sfawsonbb@discuz.net;M
409;Gustavo;Braunle;gbraunlebc@dion.ne.jp;M
410;Vivyan;Beyn;vbeynbd@washingtonpost.com;F
411;Dianne;Bonnor;dbonnorbe@fc2.com;F
412;Issy;Napper;inapperbf@360.cn;F
413;Farrand;Blackston;fblackstonbg@hhs.gov;F
414;Izaak;Mottini;imottinibh@twitpic.com;M
415;Zachary;Hegdonne;zhegdonnebi@php.net;M
416;Uriah;Heustice;uheusticebj@washington.edu;M
417;Tabitha;Isakowicz;tisakowiczbk@cbslocal.com;F
418;Holt;Whitlock;hwhitlockbl@yolasite.com;M
419;Florri;Walster;fwalsterbm@google.com.au;F
420;Audra;Atty;aattybn@dion.ne.jp;F
421;Brooke;Scammell;bscammellbo@wikipedia.org;M
422;Abbey;McCrum;amccrumbp@jiathis.com;F
423;Gherardo;Tizard;gtizardbq@fotki.com;M
424;Morie;Jowers;mjowersbr@businessinsider.com;M
425;Laurene;Vigietti;lvigiettibs@merriam-webster.com;F
426;Rudolfo;Freathy;rfreathybt@newyorker.com;M
427;Ilka;Way;iwaybu@nyu.edu;F
428;Eda;Coller;ecollerbv@ucsd.edu;F
429;Ivy;Chasmoor;ichasmoorbw@ow.ly;F
430;Leupold;Ourry;lourrybx@whitehouse.gov;M
431;Mellie;Nutty;mnuttyby@comsenz.com;F
432;Langsdon;Jennison;ljennisonbz@slideshare.net;M
433;Woody;Stainsby;wstainsbyc0@who.int;M
434;Lizette;Hutcheon;lhutcheonc1@dailymail.co.uk;F
435;Tanny;Gooderick;tgooderickc2@nbcnews.com;M
436;Bartel;Stilliard;bstilliardc3@example.com;M
437;Irv;Fullman;ifullmanc4@edublogs.org;M
438;Iosep;Cinavas;icinavasc5@lulu.com;M
439;Janel;Solley;jsolleyc6@cnbc.com;F
440;Quinta;Castiglio;qcastiglioc7@berkeley.edu;F
441;Shelden;Rishman;srishmanc8@bloglines.com;M
442;Alfy;Dunstan;adunstanc9@google.com.au;M
443;Batsheva;Brunnstein;bbrunnsteinca@narod.ru;F
444;Klemens;Tanslie;ktansliecb@bloomberg.com;M
445;Ettore;Cromb;ecrombcc@twitter.com;M
446;Cullin;Kilkenny;ckilkennycd@jiathis.com;M
447;Shay;Fletcher;sfletcherce@naver.com;F
448;Mersey;Keen;mkeencf@furl.net;F
449;Jake;Deeson;jdeesoncg@oracle.com;M
450;Eleni;Gansbuhler;egansbuhlerch@myspace.com;F
451;Wait;Coleby;wcolebyci@techcrunch.com;M
452;Rudolf;Elloy;relloycj@google.ru;M
453;Abner;Charteris;acharterisck@flickr.com;M
454;Dyanna;Spaxman;dspaxmancl@woothemes.com;F
455;Ashia;Nettle;anettlecm@deviantart.com;F
456;Fanchon;Dengel;fdengelcn@feedburner.com;F
457;Alfons;Viscovi;aviscovico@hp.com;M
458;Abbott;Deane;adeanecp@nature.com;M
459;Fred;Malia;fmaliacq@washington.edu;M
460;Gerhard;Mainstone;gmainstonecr@homestead.com;M
461;Bethena;Glazier;bglaziercs@bigcartel.com;F
462;Jaquith;Lowless;jlowlessct@xinhuanet.com;F
463;Rafaelita;Thying;rthyingcu@bloglines.com;F
464;Krysta;Dudding;kduddingcv@statcounter.com;F
465;Ardis;Belfield;abelfieldcw@com.com;F
466;Archie;Pepperd;apepperdcx@t.co;M
467;Hurley;Ashplant;hashplantcy@intel.com;M
468;Darrell;Maccree;dmaccreecz@netscape.com;M
469;Conn;Iannazzi;ciannazzid0@blinklist.com;M
470;Allister;Filippov;afilippovd1@cbsnews.com;M
471;Yolanthe;Griffithe;ygriffithed2@theglobeandmail.com;F
472;Margareta;Edgar;medgard3@abc.net.au;F
473;Jermaine;Sodo;jsodod4@baidu.com;M
474;Cole;Greenard;cgreenardd5@disqus.com;M
475;Gavin;Derington;gderingtond6@scribd.com;M
476;Inez;Constable;iconstabled7@slideshare.net;F
477;Sandra;Waddy;swaddyd8@yelp.com;F
478;Lauren;Cliffe;lcliffed9@un.org;F
479;Letta;Kentwell;lkentwellda@skyrock.com;F
480;Jehanna;Digweed;jdigweeddb@apache.org;F
481;Viole;Burnall;vburnalldc@adobe.com;F
482;Josephine;Attwater;jattwaterdd@auda.org.au;F
483;Mayne;Strete;mstretede@posterous.com;M
484;Ruben;Guest;rguestdf@wordpress.org;M
485;Tabb;Mably;tmablydg@samsung.com;M
486;Tilly;Himpson;thimpsondh@skype.com;F
487;Heddi;Stoate;hstoatedi@moonfruit.com;M
488;Jemie;Balme;jbalmedj@blogger.com;F
489;Alric;Bosward;aboswarddk@washington.edu;M
490;Chrysler;Pitsall;cpitsalldl@xing.com;F
491;Hubey;Yonge;hyongedm@engadget.com;M
492;Dennis;Lillico;dlillicodn@chronoengine.com;M
493;Shari;Doddemeede;sdoddemeededo@about.com;F
494;Fairleigh;Holwell;fholwelldp@dyndns.org;M
495;Luisa;Webbe;lwebbedq@pagesperso-orange.fr;F
496;Sasha;Figgs;sfiggsdr@mtv.com;F
497;Herb;Dudmesh;hdudmeshds@w3.org;M
498;Cheri;Addington;caddingtondt@cafepress.com;F
499;Mort;Fright;mfrightdu@wsj.com;M
500;Nataline;Olekhov;nolekhovdv@slate.com;F
501;Mitch;Tuny;mtunydw@springer.com;M
502;Colby;Ciccotto;cciccottodx@uiuc.edu;M
503;Doreen;Ferentz;dferentzdy@jalbum.net;F
504;Erna;Stuer;estuerdz@redcross.org;F
505;Winthrop;Jago;wjagoe0@earthlink.net;M
506;Vilhelmina;Durtnell;vdurtnelle1@virginia.edu;F
507;Burt;Sommerland;bsommerlande2@columbia.edu;M
508;Udell;Allix;uallixe3@desdev.cn;M
509;Clayborn;Hannant;channante4@samsung.com;M
510;Lari;Balleine;lballeinee5@zimbio.com;F
511;Fayre;Greensite;fgreensitee6@booking.com;F
512;Deidre;O'Brogan;dobrogane7@mac.com;F
513;Noell;Chetham;nchethame8@mashable.com;F
514;Margy;Waszczykowski;mwaszczykowskie9@prlog.org;F
515;Jennine;Millichip;jmillichipea@upenn.edu;F
516;Marianne;Toogood;mtoogoodeb@technorati.com;F
517;Koo;Ragsdall;kragsdallec@blog.com;M
518;Faina;Prantl;fprantled@cbc.ca;F
519;Meghan;Orris;morrisee@list-manage.com;F
520;Bette-ann;Fyndon;bfyndonef@behance.net;F
521;Carlynne;Harrigan;charriganeg@infoseek.co.jp;F
522;Malorie;Witard;mwitardeh@nbcnews.com;F
523;Rivy;Chaudhry;rchaudhryei@independent.co.uk;F
524;Ibby;McTrustrie;imctrustrieej@nyu.edu;M
525;Roseanna;Klishin;rklishinek@plala.or.jp;F
526;Violet;Hearons;vhearonsel@unicef.org;F
527;Davita;Week;dweekem@bing.com;F
528;Issi;Lindores;ilindoresen@vkontakte.ru;F
529;Jonathon;Janoch;jjanocheo@de.vu;M
530;Corby;Gadault;cgadaultep@google.co.uk;M
531;Karlan;Rusbridge;krusbridgeeq@sfgate.com;M
532;Etti;Fearby;efearbyer@webs.com;F
533;Bourke;Pittem;bpittemes@163.com;M
534;Stace;Mawne;smawneet@discuz.net;F
535;Judd;Peatman;jpeatmaneu@google.de;M
536;Tamas;Dauney;tdauneyev@adobe.com;M
537;Felic;Cordet;fcordetew@boston.com;M
538;Howard;Marrill;hmarrillex@cdc.gov;M
539;Hazlett;Killiner;hkillinerey@sitemeter.com;M
540;Lenci;Chatterton;lchattertonez@newyorker.com;M
541;Guenna;Riddle;griddlef0@phpbb.com;F
542;Saba;Carter;scarterf1@army.mil;F
543;Torrence;Tear;ttearf2@cocolog-nifty.com;M
544;Anett;Sawyer;asawyerf3@cnet.com;F
545;Elke;Kilmaster;ekilmasterf4@unblog.fr;F
546;Katheryn;Trinkwon;ktrinkwonf5@wunderground.com;F
547;Heinrik;Restorick;hrestorickf6@miitbeian.gov.cn;M
548;Gawen;Jocelyn;gjocelynf7@uol.com.br;M
549;Davita;Stoakes;dstoakesf8@qq.com;F
550;Bart;Harms;bharmsf9@answers.com;M
551;Marylynne;Tewes;mtewesfa@clickbank.net;F
552;Josh;Rodliff;jrodlifffb@unicef.org;M
553;Randolph;Spinello;rspinellofc@pcworld.com;M
554;Joana;Mochar;jmocharfd@sogou.com;F
555;Morganica;Samsworth;msamsworthfe@cmu.edu;F
556;Hersh;Willbraham;hwillbrahamff@nba.com;M
557;Christiane;Bracken;cbrackenfg@merriam-webster.com;F
558;Layney;Wethers;lwethersfh@topsy.com;F
559;Esther;Albertson;ealbertsonfi@amazon.de;F
560;Nance;Askell;naskellfj@privacy.gov.au;F
561;Dawn;Gaukrodge;dgaukrodgefk@biblegateway.com;F
562;Berthe;Fullilove;bfullilovefl@chronoengine.com;F
563;Derrik;Greep;dgreepfm@dailymotion.com;M
564;Art;Viney;avineyfn@psu.edu;M
565;Tamara;Pregal;tpregalfo@livejournal.com;F
566;Anya;Serle;aserlefp@163.com;F
567;Vanna;Le Barr;vlebarrfq@newsvine.com;F
568;Wandie;Swynfen;wswynfenfr@fastcompany.com;F
569;Gavan;Nottle;gnottlefs@webs.com;M
570;Inigo;Swinford;iswinfordft@disqus.com;M
571;Eustacia;Tomaello;etomaellofu@businessweek.com;F
572;Von;Jowling;vjowlingfv@sina.com.cn;M
573;Hart;Desaur;hdesaurfw@phoca.cz;M
574;Lynn;Maron;lmaronfx@un.org;F
575;Carlotta;Heeran;cheeranfy@house.gov;F
576;Hadlee;Swaden;hswadenfz@ask.com;M
577;Glendon;Adie;gadieg0@feedburner.com;M
578;Sula;Lilian;sliliang1@usgs.gov;F
579;Helaina;Licquorish;hlicquorishg2@cnbc.com;F
580;Aurelea;Molen;amoleng3@google.it;F
581;Jeniffer;Di Francesco;jdifrancescog4@wikia.com;F
582;Claiborne;Shevlane;cshevlaneg5@usda.gov;M
583;Wynnie;Woehler;wwoehlerg6@netscape.com;F
584;Abagail;Idell;aidellg7@ehow.com;F
585;Eran;Sibley;esibleyg8@abc.net.au;F
586;Ahmed;Mawson;amawsong9@dagondesign.com;M
587;Laverne;Harwood;lharwoodga@homestead.com;F
588;Walther;Chilver;wchilvergb@smh.com.au;M
589;Tasia;Moraleda;tmoraledagc@123-reg.co.uk;F
590;Ade;Wones;awonesgd@globo.com;M
591;Matelda;Cammis;mcammisge@cnbc.com;F
592;Ollie;Itzkovsky;oitzkovskygf@comsenz.com;F
593;Leta;Flanigan;lflanigangg@yahoo.com;F
594;Morna;Forcer;mforcergh@shinystat.com;F
595;Karina;Poizer;kpoizergi@tinypic.com;F
596;Jorry;Packington;jpackingtongj@livejournal.com;M
597;Fredrick;Adair;fadairgk@shareasale.com;M
598;Pippo;Rowena;prowenagl@surveymonkey.com;M
599;Jillayne;Antoniou;jantoniougm@paginegialle.it;F
600;Geri;Moxom;gmoxomgn@bigcartel.com;M
601;Lamar;Van Der Weedenburg;lvanderweedenburggo@nature.com;M
602;Lee;Larne;llarnegp@tmall.com;F
603;Emmalynne;Scotland;escotlandgq@earthlink.net;F
604;Theodor;Stitfall;tstitfallgr@sitemeter.com;M
605;Boote;Dolder;bdoldergs@tinypic.com;M
606;Timothy;Sailor;tsailorgt@netvibes.com;M
607;Niki;Dunderdale;ndunderdalegu@cdbaby.com;F
608;Flory;Burberye;fburberyegv@diigo.com;F
609;Haley;Baggelley;hbaggelleygw@nature.com;M
610;Ulric;Withers;uwithersgx@toplist.cz;M
611;Trever;Casewell;tcasewellgy@jiathis.com;M
612;Gaby;Bottoner;gbottonergz@e-recht24.de;F
613;Bobbie;Jantel;bjantelh0@google.co.uk;M
614;Aurelea;Clubley;aclubleyh1@networkadvertising.org;F
615;Karylin;Tapp;ktapph2@timesonline.co.uk;F
616;Marcellus;Matuszinski;mmatuszinskih3@paginegialle.it;M
617;Vernon;Tatlow;vtatlowh4@washingtonpost.com;M
618;Alexandrina;Bedson;abedsonh5@woothemes.com;F
619;Celie;Pasterfield;cpasterfieldh6@goo.gl;F
620;Hana;Burkin;hburkinh7@ehow.com;F
621;Cecil;Stollwerk;cstollwerkh8@about.com;F
622;Abbie;Hamal;ahamalh9@usa.gov;M
623;Angus;Kunneke;akunnekeha@hibu.com;M
624;Josephina;Tenaunt;jtenaunthb@fda.gov;F
625;Meridith;Gregoletti;mgregolettihc@house.gov;F
626;Ashlin;Bortoloni;abortolonihd@theguardian.com;M
627;Cristobal;Trevithick;ctrevithickhe@clickbank.net;M
628;Charline;Postians;cpostianshf@goo.gl;F
629;Tristam;Leggat;tleggathg@nhs.uk;M
630;Korie;Tulk;ktulkhh@globo.com;F
631;Toby;Diprose;tdiprosehi@zimbio.com;M
632;Teddy;Pirot;tpirothj@devhub.com;F
633;Audre;Carlaw;acarlawhk@storify.com;F
634;Albie;Yanukhin;ayanukhinhl@behance.net;M
635;Brodie;Wigfall;bwigfallhm@pinterest.com;M
636;Florinda;Moodie;fmoodiehn@nydailynews.com;F
637;Tressa;MacKenzie;tmackenzieho@joomla.org;F
638;Clarence;Burnell;cburnellhp@whitehouse.gov;M
639;Dominick;Nutley;dnutleyhq@meetup.com;M
640;Marchelle;Winscomb;mwinscombhr@apple.com;F
641;Vern;Rossborough;vrossboroughhs@canalblog.com;M
642;Wini;Vasilischev;wvasilischevht@g.co;F
643;Cody;Marden;cmardenhu@twitpic.com;M
644;Evanne;Conyer;econyerhv@sciencedirect.com;M
645;Jemmy;Lindenstrauss;jlindenstrausshw@state.tx.us;F
646;Willy;Haibel;whaibelhx@1688.com;M
647;Brantley;Rolland;brollandhy@timesonline.co.uk;M
648;Farrand;Leyes;fleyeshz@blogger.com;F
649;Hewet;Checklin;hchecklini0@shinystat.com;M
650;Fidel;Shales;fshalesi1@technorati.com;M
651;Tabb;Gerriessen;tgerriesseni2@ycombinator.com;M
652;Anallese;McGirr;amcgirri3@php.net;F
653;Perla;Hugill;phugilli4@yahoo.co.jp;F
654;Meyer;Robertshaw;mrobertshawi5@goo.gl;M
655;Kenn;Roz;krozi6@g.co;M
656;Gabbi;Timmens;gtimmensi7@uiuc.edu;F
657;Michelle;Boots;mbootsi8@dailymotion.com;F
658;Shellysheldon;Greatbatch;sgreatbatchi9@sciencedaily.com;M
659;Nell;Fronks;nfronksia@wikispaces.com;F
660;Donalt;Cathel;dcathelib@163.com;M
661;Denney;Roddan;droddanic@sbwire.com;M
662;Onfroi;Chatband;ochatbandid@mail.ru;M
663;Clio;Chapman;cchapmanie@nydailynews.com;F
664;Clarke;Blesing;cblesingif@businessinsider.com;M
665;Harlin;Della Scala;hdellascalaig@about.com;M
666;Verna;O'Connolly;voconnollyih@liveinternet.ru;F
667;Armstrong;Tytterton;atyttertonii@nationalgeographic.com;M
668;Julina;Itzakovitz;jitzakovitzij@uol.com.br;F
669;Dore;Setchell;dsetchellik@ycombinator.com;M
670;Mariquilla;Ivanyushkin;mivanyushkinil@aol.com;F
671;Dottie;Minero;dmineroim@discuz.net;F
672;Meg;Speight;mspeightin@freewebs.com;F
673;Reuven;Paulson;rpaulsonio@google.com;M
674;Clarabelle;Mathivat;cmathivatip@gizmodo.com;F
675;Jill;Piper;jpiperiq@blogspot.com;F
676;Kliment;Heams;kheamsir@woothemes.com;M
677;Jamey;Edon;jedonis@java.com;M
678;Domini;Lockyear;dlockyearit@wunderground.com;F
679;Gasparo;Koppe;gkoppeiu@woothemes.com;M
680;Ave;Ommanney;aommanneyiv@alexa.com;M
681;Melodee;Tanton;mtantoniw@jugem.jp;F
682;Rhianon;Reed;rreedix@dmoz.org;F
683;Myles;Yonge;myongeiy@vk.com;M
684;Craggy;Sealand;csealandiz@yale.edu;M
685;Jarid;Croasdale;jcroasdalej0@biblegateway.com;M
686;Joni;Philcott;jphilcottj1@reference.com;F
687;Luelle;Nelius;lneliusj2@usa.gov;F
688;Koralle;Romao;kromaoj3@state.gov;M
689;Teddi;McElwee;tmcelweej4@abc.net.au;F
690;Lars;Fosher;lfosherj5@si.edu;M
691;Lev;McWaters;lmcwatersj6@jiathis.com;M
692;Sarah;Bicksteth;sbickstethj7@telegraph.co.uk;F
693;Cristi;Stallybrass;cstallybrassj8@delicious.com;F
694;Art;Prest;aprestj9@bluehost.com;M
695;Ardelis;Ten Broek;atenbroekja@techcrunch.com;F
696;Lezley;Caff;lcaffjb@comsenz.com;M
697;Darrick;Dobbie;ddobbiejc@sakura.ne.jp;M
698;Joachim;Huckleby;jhucklebyjd@canalblog.com;M
699;Vonny;Elman;velmanje@freewebs.com;F
700;Sharai;Bache;sbachejf@ucoz.com;F
701;Tuck;Parramore;tparramorejg@umich.edu;M
702;Paulo;Klewi;pklewijh@webeden.co.uk;M
703;Robyn;Henriquet;rhenriquetji@examiner.com;F
704;Sherri;O'Hartagan;sohartaganjj@ted.com;F
705;Glynn;Sarle;gsarlejk@odnoklassniki.ru;F
706;Paule;Rive;privejl@artisteer.com;F
707;Martyn;Hyder;mhyderjm@yandex.ru;M
708;Thibaut;Silbert;tsilbertjn@sphinn.com;M
709;Wayland;Huston;whustonjo@twitter.com;M
710;Veronike;Willingham;vwillinghamjp@infoseek.co.jp;F
711;Joice;Vida;jvidajq@chicagotribune.com;F
712;Judah;Grigorini;jgrigorinijr@ftc.gov;M
713;Rosie;Gerardi;rgerardijs@ucsd.edu;F
714;Estell;Leaf;eleafjt@berkeley.edu;F
715;Caroljean;Lyne;clyneju@taobao.com;F
716;Lindy;Gamble;lgamblejv@aboutads.info;M
717;Blakeley;Altofts;baltoftsjw@cbc.ca;F
718;Ruthe;Houdhury;rhoudhuryjx@china.com.cn;F
719;Noach;Megroff;nmegroffjy@netvibes.com;M
720;Marchelle;Tomaselli;mtomasellijz@illinois.edu;F
721;Lettie;Ruzicka;lruzickak0@stanford.edu;F
722;Selene;Mathon;smathonk1@ucoz.ru;F
723;Briggs;Oxenden;boxendenk2@google.com.hk;M
724;Christophorus;Carrivick;ccarrivickk3@unc.edu;M
725;Conan;Athey;catheyk4@paypal.com;M
726;Jon;Toal;jtoalk5@loc.gov;M
727;Davy;Elcoux;delcouxk6@opera.com;M
728;Ginevra;Whitebread;gwhitebreadk7@toplist.cz;F
729;Ida;Pashbee;ipashbeek8@sohu.com;F
730;Ami;Evitt;aevittk9@deviantart.com;F
731;Antonie;Issacoff;aissacoffka@zimbio.com;F
732;Loren;Wistance;lwistancekb@cocolog-nifty.com;M
733;Drud;Endicott;dendicottkc@google.es;M
734;Althea;Pache;apachekd@tmall.com;F
735;Morry;Dibbin;mdibbinke@yahoo.com;M
736;Stinky;Adshed;sadshedkf@pen.io;F
737;Jobye;McGarel;jmcgarelkg@zdnet.com;M
738;Melisent;Espino;mespinokh@reference.com;F
739;Leena;Colbron;lcolbronki@disqus.com;F
740;Cam;Sabin;csabinkj@dyndns.org;F
741;Giorgio;Tuhy;gtuhykk@bigcartel.com;M
742;Dora;Ravenshear;dravenshearkl@jiathis.com;F
743;Yolanda;Shimman;yshimmankm@dailymotion.com;F
744;Norine;Goad;ngoadkn@guardian.co.uk;F
745;Richie;Ygo;rygoko@wisc.edu;M
746;Shaine;Stagg;sstaggkp@alexa.com;M
747;Trescha;Spratley;tspratleykq@geocities.jp;F
748;Elna;Eskrigg;eeskriggkr@soundcloud.com;F
749;Haywood;Essberger;hessbergerks@elpais.com;M
750;Alex;Blancowe;ablancowekt@facebook.com;M
751;Valeda;Caldairou;vcaldairouku@dot.gov;F
752;Chantal;Sivills;csivillskv@jigsy.com;F
753;Anatole;Heningham;aheninghamkw@samsung.com;M
754;Vida;Dregan;vdregankx@census.gov;F
755;Saunder;Cressingham;scressinghamky@slashdot.org;M
756;Thorsten;Mogridge;tmogridgekz@sun.com;M
757;Twyla;Ellerbeck;tellerbeckl0@alexa.com;F
758;Foster;Carnilian;fcarnilianl1@vkontakte.ru;M
759;Babette;McVitty;bmcvittyl2@google.co.jp;F
760;Giusto;Nigh;gnighl3@addtoany.com;M
761;Trudi;Challenor;tchallenorl4@sbwire.com;F
762;Octavius;Richings;orichingsl5@wikimedia.org;M
763;Obadias;Mee;omeel6@wp.com;M
764;Rollins;Chittie;rchittiel7@eepurl.com;M
765;Allyn;Sumption;asumptionl8@163.com;F
766;Clarke;Adamo;cadamol9@edublogs.org;M
767;Joleen;Tesimon;jtesimonla@accuweather.com;F
768;Annelise;Cortese;acorteselb@4shared.com;F
769;Kellsie;Kevane;kkevanelc@indiatimes.com;F
770;Benedick;Bangley;bbangleyld@baidu.com;M
771;Brigit;Marron;bmarronle@ustream.tv;F
772;Lemmy;O'Doohaine;lodoohainelf@soup.io;M
773;Humfrid;Lapslie;hlapslielg@free.fr;M
774;Dorthea;Bignal;dbignallh@forbes.com;F
775;Mackenzie;Lathom;mlathomli@un.org;M
776;Leland;Curle;lcurlelj@walmart.com;F
777;Anatole;Peidro;apeidrolk@usatoday.com;M
778;Gannie;Finney;gfinneyll@sohu.com;M
779;Gavrielle;Boldry;gboldrylm@cnet.com;F
780;Dilly;De Moreno;ddemorenoln@bizjournals.com;M
781;Kain;Duesberry;kduesberrylo@narod.ru;M
782;Fara;Youll;fyoulllp@squidoo.com;F
783;Hyacinthe;Schoenleiter;hschoenleiterlq@shareasale.com;F
784;Rice;Coupman;rcoupmanlr@stumbleupon.com;M
785;Chelsie;Saing;csaingls@bluehost.com;F
786;Adrian;MacNess;amacnesslt@businessweek.com;F
787;Odelinda;Witherbed;owitherbedlu@si.edu;F
788;Levy;Bramo;lbramolv@huffingtonpost.com;M
789;Itch;Pacey;ipaceylw@ehow.com;M
790;Creighton;Oglesbee;coglesbeelx@cpanel.net;M
791;Alta;Melin;amelinly@comcast.net;F
792;Natal;Nimmo;nnimmolz@ucla.edu;M
793;Marijo;Ozintsev;mozintsevm0@webnode.com;M
794;Fulton;Timpany;ftimpanym1@cloudflare.com;M
795;Logan;Pedden;lpeddenm2@cafepress.com;M
796;Steffen;Soan;ssoanm3@usda.gov;M
797;Tobin;Larret;tlarretm4@chron.com;M
798;Merrielle;Edelmann;medelmannm5@unc.edu;F
799;August;Semrad;asemradm6@whitehouse.gov;M
800;Edin;Planque;eplanquem7@slideshare.net;F
801;Aldon;Tuma;atumam8@goodreads.com;M
802;Kaitlin;Burberye;kburberyem9@ucsd.edu;F
803;Grantham;Joseph;gjosephma@ucoz.ru;M
804;Allard;Dobrovsky;adobrovskymb@virginia.edu;M
805;Aldric;Harbach;aharbachmc@icq.com;M
806;Esra;Grouse;egrousemd@booking.com;M
807;Gunther;MacNeish;gmacneishme@mac.com;M
808;Sutherland;Finessy;sfinessymf@google.ru;M
809;Chrysler;Scroggins;cscrogginsmg@jimdo.com;F
810;Sephira;Girkin;sgirkinmh@nbcnews.com;F
811;Manon;Crinion;mcrinionmi@bbb.org;F
812;Robinett;Wyett;rwyettmj@google.nl;F
813;Orazio;Creek;ocreekmk@spotify.com;M
814;Jessalyn;Oldale;joldaleml@answers.com;F
815;Giacopo;Lawden;glawdenmm@sogou.com;M
816;Benedikt;Corthes;bcorthesmn@washingtonpost.com;M
817;Larry;Sheeran;lsheeranmo@cisco.com;M
818;Sharia;Loch;slochmp@cmu.edu;F
819;Giorgia;Bromfield;gbromfieldmq@samsung.com;F
820;Avram;Simak;asimakmr@usda.gov;M
821;Chickie;MacKean;cmackeanms@yahoo.com;F
822;Kimmy;Buxcy;kbuxcymt@whitehouse.gov;F
823;Major;McGraffin;mmcgraffinmu@kickstarter.com;M
824;Granville;Mulqueen;gmulqueenmv@prweb.com;M
825;Pip;Palumbo;ppalumbomw@shop-pro.jp;M
826;Laurianne;Garmons;lgarmonsmx@cdc.gov;F
827;Kerby;Cowin;kcowinmy@studiopress.com;M
828;Kerk;Casbourne;kcasbournemz@java.com;M
829;Andre;Riordan;ariordann0@ucoz.com;M
830;Lilias;Heers;lheersn1@telegraph.co.uk;F
831;Pauletta;Casse;pcassen2@state.tx.us;F
832;Waneta;Crux;wcruxn3@sciencedirect.com;F
833;Rafaela;Farloe;rfarloen4@friendfeed.com;F
834;Ethelred;Midgely;emidgelyn5@sfgate.com;M
835;Saunder;Swate;sswaten6@edublogs.org;M
836;Marja;Greave;mgreaven7@creativecommons.org;F
837;Maddy;Bauckham;mbauckhamn8@biblegateway.com;M
838;Ode;Wantling;owantlingn9@mozilla.org;M
839;Ludovika;Thorald;lthoraldna@goo.gl;F
840;Kippar;Bridden;kbriddennb@seesaa.net;M
841;Timmie;Poate;tpoatenc@jiathis.com;F
842;Kalila;Nassie;knassiend@home.pl;F
843;Vinni;Sherrocks;vsherrocksne@umich.edu;F
844;Farlee;Pude;fpudenf@time.com;M
845;Aloise;Wesgate;awesgateng@columbia.edu;F
846;Salvatore;Ferry;sferrynh@sogou.com;M
847;Gustavus;Windle;gwindleni@1und1.de;M
848;Inger;Curtoys;icurtoysnj@360.cn;M
849;Goldina;Abbess;gabbessnk@creativecommons.org;F
850;Cassandre;Muston;cmustonnl@accuweather.com;F
851;Camella;Wilshin;cwilshinnm@cargocollective.com;F
852;Felicle;Shelborne;fshelbornenn@omniture.com;F
853;Stevana;Howgate;showgateno@about.com;F
854;Melvin;Le Sarr;mlesarrnp@networksolutions.com;M
855;Onida;Tyrrell;otyrrellnq@blogs.com;F
856;Deeann;Musk;dmusknr@mac.com;F
857;Reece;Revel;rrevelns@yellowpages.com;M
858;Etta;Draysay;edraysaynt@ucsd.edu;F
859;Othella;Peplay;opeplaynu@unc.edu;F
860;Carmine;Quaife;cquaifenv@wikia.com;F
861;Eziechiele;Willoughby;ewilloughbynw@pen.io;M
862;Stanislas;Otto;sottonx@surveymonkey.com;M
863;Kare;Plomer;kplomerny@who.int;F
864;Wallace;Bignell;wbignellnz@wikispaces.com;M
865;Vito;Drysdall;vdrysdallo0@addthis.com;M
866;Candie;Dowles;cdowleso1@skyrock.com;F
867;Jillian;Gillbanks;jgillbankso2@goo.gl;F
868;Cherilyn;Goodsall;cgoodsallo3@vistaprint.com;F
869;Jayme;Pheby;jphebyo4@360.cn;F
870;Thorsten;Riggs;triggso5@topsy.com;M
871;Shina;Millwater;smillwatero6@indiegogo.com;F
872;Garrick;Sharrard;gsharrardo7@privacy.gov.au;M
873;Merle;Derdes;mderdeso8@marketwatch.com;M
874;Ronica;Merrison;rmerrisono9@aol.com;F
875;Lindy;Horsley;lhorsleyoa@techcrunch.com;M
876;Lonnie;Haysar;lhaysarob@sun.com;M
877;Obidiah;de Broke;odebrokeoc@360.cn;M
878;Jandy;Dechelle;jdechelleod@bloomberg.com;F
879;Hulda;Bart;hbartoe@dell.com;F
880;Dolf;Tolworth;dtolworthof@ocn.ne.jp;M
881;Leone;Scotchforth;lscotchforthog@mlb.com;F
882;Muhammad;Boughtwood;mboughtwoodoh@sogou.com;M
883;Lanita;Aleixo;laleixooi@independent.co.uk;F
884;Cassondra;Gilfillan;cgilfillanoj@cafepress.com;F
885;Haskel;Locker;hlockerok@mapquest.com;M
886;Dottie;Schuck;dschuckol@dot.gov;F
887;Wyn;Excell;wexcellom@sun.com;M
888;Elvira;Hadwen;ehadwenon@chicagotribune.com;F
889;Buckie;Reckless;brecklessoo@joomla.org;M
890;Katheryn;Herculeson;kherculesonop@tiny.cc;F
891;Duffie;Joselevitz;djoselevitzoq@amazon.co.uk;M
892;Adolf;Fraser;afraseror@omniture.com;M
893;Harlin;Hurley;hhurleyos@desdev.cn;M
894;Kristina;Whitfeld;kwhitfeldot@exblog.jp;F
895;Gabie;Mountjoy;gmountjoyou@t-online.de;M
896;Mattie;Barnfather;mbarnfatherov@seesaa.net;M
897;Trace;Menendez;tmenendezow@google.ru;M
898;Al;Kelway;akelwayox@storify.com;M
899;Aggy;Griffithe;agriffitheoy@walmart.com;F
900;Gerik;Overnell;governelloz@imageshack.us;M
901;Maria;Blethin;mblethinp0@blogspot.com;F
902;Lida;McIllrick;lmcillrickp1@npr.org;F
903;Sallie;MacFaell;smacfaellp2@newyorker.com;F
904;Giacomo;Wildt;gwildtp3@latimes.com;M
905;Kathe;Androlli;kandrollip4@amazon.com;F
906;Sancho;Seckom;sseckomp5@google.com.br;M
907;Dav;Cucuzza;dcucuzzap6@about.me;M
908;Darya;Jacklings;djacklingsp7@engadget.com;F
909;Rochette;Lanchberry;rlanchberryp8@last.fm;F
910;Henri;Mitrikhin;hmitrikhinp9@hhs.gov;M
911;Cherrita;Swires;cswirespa@bigcartel.com;F
912;Philippe;Gomery;pgomerypb@google.it;F
913;Marya;Vasyukhin;mvasyukhinpc@discovery.com;F
914;Dorene;Tollerton;dtollertonpd@npr.org;F
915;Rowney;Bolam;rbolampe@soup.io;M
916;Juliette;Graham;jgrahampf@wired.com;F
917;Melloney;Jentgens;mjentgenspg@purevolume.com;F
918;Dionisio;Simoncello;dsimoncelloph@weibo.com;M
919;Chrysler;Sexty;csextypi@nytimes.com;F
920;Wally;Mepham;wmephampj@reuters.com;M
921;Maddalena;Krollman;mkrollmanpk@cnn.com;F
922;Hill;Showering;hshoweringpl@smh.com.au;M
923;Mercedes;Lamzed;mlamzedpm@weebly.com;F
924;Earl;Bohlens;ebohlenspn@bandcamp.com;M
925;Elane;Cringle;ecringlepo@instagram.com;F
926;Gay;LLelweln;gllelwelnpp@themeforest.net;M
927;Pavia;Druce;pdrucepq@gravatar.com;F
928;Ingunna;Comer;icomerpr@usatoday.com;F
929;Emelita;Lidgertwood;elidgertwoodps@wired.com;F
930;Colby;Nossent;cnossentpt@accuweather.com;M
931;Giuseppe;Duinkerk;gduinkerkpu@microsoft.com;M
932;Grenville;Ivel;givelpv@sciencedaily.com;M
933;Arlen;Duchart;aduchartpw@jugem.jp;F
934;Sadie;Banfield;sbanfieldpx@pen.io;F
935;Faunie;Cardoso;fcardosopy@ted.com;F
936;Harriot;Maxstead;hmaxsteadpz@paypal.com;F
937;Viviyan;Hewins;vhewinsq0@columbia.edu;F
938;Pooh;Moxted;pmoxtedq1@ed.gov;M
939;Emmott;Dow;edowq2@webmd.com;M
940;Maible;Maides;mmaidesq3@europa.eu;F
941;Sasha;Shitliff;sshitliffq4@xrea.com;M
942;Milton;Bradnock;mbradnockq5@sfgate.com;M
943;Victoria;Braidwood;vbraidwoodq6@friendfeed.com;F
944;Jesselyn;Crossan;jcrossanq7@soup.io;F
945;Kellby;Nannetti;knannettiq8@canalblog.com;M
946;Raychel;Beumant;rbeumantq9@ocn.ne.jp;F
947;Elmore;Heisham;eheishamqa@is.gd;M
948;Sterling;Bischof;sbischofqb@springer.com;M
949;Cyrill;Edlin;cedlinqc@amazon.com;M
950;Henka;Watsam;hwatsamqd@mlb.com;F
951;Tanney;Huison;thuisonqe@adobe.com;M
952;Rudiger;Rutherford;rrutherfordqf@seattletimes.com;M
953;Gilligan;Baudet;gbaudetqg@imdb.com;F
954;Cybil;Beekman;cbeekmanqh@istockphoto.com;F
955;Mellisent;Beamson;mbeamsonqi@dagondesign.com;F
956;Jeffie;Chedzoy;jchedzoyqj@biglobe.ne.jp;M
957;Hewe;Livard;hlivardqk@tinypic.com;M
958;Rutherford;Allatt;rallattql@princeton.edu;M
959;Demetri;McKerley;dmckerleyqm@bbc.co.uk;M
960;Tedra;Kirton;tkirtonqn@abc.net.au;F
961;Reilly;Venditto;rvendittoqo@free.fr;M
962;Shem;Pavic;spavicqp@apple.com;F
963;Cirillo;Batrop;cbatropqq@baidu.com;M
964;Hersch;Marflitt;hmarflittqr@aboutads.info;M
965;Joshua;Daulby;jdaulbyqs@behance.net;M
966;Adela;Sherewood;asherewoodqt@instagram.com;F
967;Grace;Pressman;gpressmanqu@prweb.com;M
968;Iolanthe;Ivan;iivanqv@sfgate.com;F
969;Martie;Bernucci;mbernucciqw@123-reg.co.uk;M
970;Olag;Rope;oropeqx@nasa.gov;M
971;Niki;Veldman;nveldmanqy@godaddy.com;M
972;Ingra;Tunn;itunnqz@hatena.ne.jp;M
973;Bogey;MacGiolla;bmacgiollar0@psu.edu;M
974;Andriette;Jeanesson;ajeanessonr1@jiathis.com;F
975;Arne;Pirouet;apirouetr2@ning.com;M
976;Dennet;Gullifant;dgullifantr3@virginia.edu;M
977;Elenore;Gaffney;egaffneyr4@mtv.com;F
978;Ingar;Donaway;idonawayr5@ucsd.edu;M
979;Raymund;Speechly;rspeechlyr6@miitbeian.gov.cn;M
980;Margot;Cordeix;mcordeixr7@samsung.com;F
981;Erinna;Limpenny;elimpennyr8@ibm.com;F
982;Justino;Ambrus;jambrusr9@marketwatch.com;M
983;Sydney;Mityashin;smityashinra@bloomberg.com;M
984;Kristina;Banker;kbankerrb@chicagotribune.com;F
985;Crosby;Vinall;cvinallrc@istockphoto.com;M
986;Clarie;Haggleton;chaggletonrd@about.me;F
987;Giulia;Leal;glealre@nhs.uk;F
988;Quillan;Holleran;qholleranrf@bizjournals.com;M
989;Jenni;Reaney;jreaneyrg@baidu.com;F
990;Marla;Wattingham;mwattinghamrh@oracle.com;F
991;Elvyn;Di Biasi;edibiasiri@naver.com;F
992;Ursala;Decruse;udecruserj@cornell.edu;F
993;Myles;Maccraw;mmaccrawrk@tinypic.com;M
994;Devina;Dunckley;ddunckleyrl@prlog.org;F
995;Sybila;Le Provost;sleprovostrm@cdc.gov;F
996;Nollie;Claricoates;nclaricoatesrn@bing.com;M
997;Myrwyn;Sickert;msickertro@wp.com;M
998;Conroy;Branche;cbrancherp@sitemeter.com;M
999;Faustina;Sugden;fsugdenrq@github.com;F
1000;Olag;Condon;ocondonrr@telegraph.co.uk;M
